Northwestern,Scrapable,,Free & For Sale,https://www.facebook.com/groups/357858834261047/
Northwestern,Scrapable,,NU Closet Recycle,https://www.facebook.com/groups/633074646739463/
Northwestern,Scrapable,,Textbook Exchange,https://www.facebook.com/groups/357858800927717/
Northwestern,Scrapable,,Housing,https://www.facebook.com/groups/357858827594381/
Northwestern,,,Biological Sciences,https://www.facebook.com/groups/358689357511328/
Northwestern,,,Campus Tips,https://www.facebook.com/groups/357858790927718/
Northwestern,,,Chemistry,https://www.facebook.com/groups/358637180849879/
Northwestern,,Official,Northwestern University Class of 2013,https://www.facebook.com/groups/2013NU/
Northwestern,,,Class of 2014,https://www.facebook.com/groups/206759790518/
Northwestern,,,Class of 2014,https://www.facebook.com/groups/NU2014/
Northwestern,,Official,Northwestern University - Class of 2015,https://www.facebook.com/groups/160772077298285/
Northwestern,,Official,Northwestern University- Class of 2016,https://www.facebook.com/groups/177276255686727/
Northwestern,,,Class of 2016,https://www.facebook.com/groups/myNU2016/
Northwestern,,,Class of 2017,https://www.facebook.com/groups/300025903439066/
Northwestern,,Official,Northwestern University- Class of 2017,https://www.facebook.com/groups/544437542236500/
Northwestern,,,Class of 2017,https://www.facebook.com/groups/402459329800997/
Northwestern,,Official,Northwestern University- Class of 2018,https://www.facebook.com/groups/641103152594864/
Northwestern,,,Class of 2018,https://www.facebook.com/groups/424448227666069/
Northwestern,,,Computer Science,https://www.facebook.com/groups/358709957509268/
Northwestern,,,Economics,https://www.facebook.com/groups/358640307516233/
Northwestern,,,Entrepreneurs,https://www.facebook.com/groups/711954785518115/
Northwestern,,,Events & Parties,https://www.facebook.com/groups/357858817594382/
Northwestern,,,Industrial Engineering,https://www.facebook.com/groups/358700527510211/
Northwestern,,,Jobs & Internships,https://www.facebook.com/groups/357858807594383/
Northwestern,,,Mathematics,https://www.facebook.com/groups/358679784178952/
Northwestern,,,Off campus,https://www.facebook.com/groups/358783590835238/
Northwestern,,,Psychology,https://www.facebook.com/groups/358481424198788/
Northwestern,,,RTVF,https://www.facebook.com/groups/358750427505221/
Northwestern,,,Theatre,https://www.facebook.com/groups/358663300847267/
Northwestern,,,Weinberg Class of 2016,https://www.facebook.com/groups/weinberg2016/
Northwestern,,,Weinberg Class of 2017,https://www.facebook.com/groups/weinberg2017/
Northwestern,,,McCormick School of Engineering - Class of '16,https://www.facebook.com/groups/358789630845508/
Northwestern,,,McCormick Class of 2018,https://www.facebook.com/groups/771200409579600/
Northwestern,,,McCormick Class of 2017,https://www.facebook.com/groups/546782458713498/
Northwestern,,,McCormick School of Engineering and Applied Sciences Class of 2017,https://www.facebook.com/groups/550365328343729/